<?xml version="1.0" encoding="ascii"?>
<history><client name="pkg" version="1.122.2-56.2852"><args><arg><![CDATA[/BUILD_AREA/tools/2.3-b56-toolkit/pkg-toolkit-sunos-i386/pkg/bin/client.py]]></arg><arg><![CDATA[set-authority]]></arg><arg><![CDATA[-P]]></arg><arg><![CDATA[-O]]></arg><arg><![CDATA[http://localhost:28000/]]></arg><arg><![CDATA[release.glassfish.oracle.com]]></arg></args></client><operation end_time="20120711T195627Z" name="set-preferred-publisher" result="Succeeded" start_time="20120711T195627Z" userid="0" username="root"/></history>