<?xml version="1.0" encoding="ascii"?>
<history><client name="pkg" version="1.122.2-56.2852"><args><arg><![CDATA[/BUILD_AREA/tools/2.3-b56-toolkit/pkg-toolkit-sunos-i386/pkg/bin/client.py]]></arg><arg><![CDATA[install]]></arg><arg><![CDATA[glassfish-grizzly-full]]></arg></args></client><operation end_time="20120711T195545Z" name="install" result="Succeeded" start_time="20120711T195545Z" userid="0" username="root"><start_state><![CDATA[UNEVALUATED:
+pkg:/glassfish-grizzly-full@1.9.50,0-1:20120711T190735Z
]]></start_state><end_state><![CDATA[None -> pkg:/glassfish-grizzly-full@1.9.50,0-1:20120711T190735Z
]]></end_state></operation></history>